--USE PPAIConsultas
/*
-- INSERTAR DATOS DE CLIENTE
INSERT INTO Cliente
(Dni,NroCelular,NombreCompleto)
VALUES('44399816','3513221','Nicolas Pereira'); 

INSERT INTO Cliente
(Dni,NroCelular,NombreCompleto)
VALUES('44399812','4422334','Daiana Suarez'); 

INSERT INTO Cliente
(Dni,NroCelular,NombreCompleto)
VALUES('44332323','4429212','Facundo Messi'); 

INSERT INTO Cliente
(Dni,NroCelular,NombreCompleto)
VALUES('44321212','44232912','Carlos Gutierrez'); 

INSERT INTO Cliente
(Dni,NroCelular,NombreCompleto)
VALUES('44342424','44342424','Ulises Sanchez'); 

INSERT INTO Cliente
(Dni,NroCelular,NombreCompleto)
VALUES('44332232','4429312','Matias Delgado'); 



-- INSERTAR DATOS DE ESTADOS
INSERT INTO Estado
(Id,Nombre)
VALUES('1','Iniciada'); 

INSERT INTO Estado
(Id,Nombre)
VALUES('2','Finalizada'); 

*/
/*
INSERT INTO Encuesta
(Descripcion)
VALUES('Encuesta 1');

INSERT INTO Encuesta
(Descripcion)
VALUES('Encuesta 2');

INSERT INTO Encuesta
(Descripcion)
VALUES('Encuesta 3');
*/
-- INSERTAR DATOS DEL CAMBIO DE ESTADO
/*
/*
INSERT INTO [CambioEstado]
(IdEstado,IdLlamada,FechaHoraInicio)
VALUES(1,1,'2023-05-12'); 

INSERT INTO [CambioEstado]
(IdEstado,IdLlamada,FechaHoraInicio)
VALUES(2,1,'2023-05-23');

INSERT INTO [CambioEstado]
(IdEstado,IdLlamada,FechaHoraInicio)
VALUES(1,2,'2023-05-01');

INSERT INTO [CambioEstado]
(IdEstado,IdLlamada,FechaHoraInicio)
VALUES(2,2,'2023-05-21');

INSERT INTO [CambioEstado]
(IdEstado,IdLlamada,FechaHoraInicio)
VALUES(1,3,'2023-05-12');

INSERT INTO [CambioEstado]
(IdEstado,IdLlamada,FechaHoraInicio)
VALUES(2,3,'2023-05-13');

INSERT INTO [CambioEstado]
(IdEstado,IdLlamada,FechaHoraInicio)
VALUES(1,4,'2023-05-05');

INSERT INTO [CambioEstado]
(IdEstado,IdLlamada,FechaHoraInicio)
VALUES(2,4,'2023-05-10');

INSERT INTO [CambioEstado]
(IdEstado,IdLlamada,FechaHoraInicio)
VALUES(1,5,'2023-05-20');

INSERT INTO [CambioEstado]
(IdEstado,IdLlamada,FechaHoraInicio)
VALUES(2,5,'2023-05-21');

INSERT INTO [CambioEstado]
(IdEstado,IdLlamada,FechaHoraInicio)
VALUES(1,6,'2023-08-15');

INSERT INTO [CambioEstado]
(IdEstado,IdLlamada,FechaHoraInicio)
VALUES(2,6,'2023-09-05');
*/
/*
INSERT INTO Pregunta
(Pregun,IdEncuesta)
VALUES('¿Cual el raza de su perro?',1);

INSERT INTO RespuestaPosible
(Valor,Descripcion,IdPregunta)
VALUES('20','Pastor Aleman',1);

INSERT INTO RespuestaPosible
(Valor,Descripcion,IdPregunta)
VALUES('30','Bulldog',1);

INSERT INTO RespuestaPosible
(Valor,Descripcion,IdPregunta)
VALUES('40','Rottweiler',1);
*/
/*
INSERT INTO Pregunta
(Pregun,IdEncuesta)
VALUES('¿A que Universidad asiste?',1);

INSERT INTO RespuestaPosible
(Valor,Descripcion,IdPregunta)
VALUES('25','UTN',2);

INSERT INTO RespuestaPosible
(Valor,Descripcion,IdPregunta)
VALUES('35','UNC',2);

INSERT INTO RespuestaPosible
(Valor,Descripcion,IdPregunta)
VALUES('45','UCC',2);
*/

/*
INSERT INTO Pregunta
(Pregun,IdEncuesta)
VALUES('¿Cual es su color favorito?',1);

INSERT INTO RespuestaPosible
(Valor,Descripcion,IdPregunta)
VALUES('15','Verde',3);

INSERT INTO RespuestaPosible
(Valor,Descripcion,IdPregunta)
VALUES('55','Rojo',3);

INSERT INTO RespuestaPosible
(Valor,Descripcion,IdPregunta)
VALUES('60','Azul',3);
*/

/*
INSERT INTO Pregunta
(Pregun,IdEncuesta)
VALUES('¿Cual es su comida preferida?',2);

INSERT INTO RespuestaPosible
(Valor,Descripcion,IdPregunta)
VALUES('5','Hamburguesa',4);

INSERT INTO RespuestaPosible
(Valor,Descripcion,IdPregunta)
VALUES('25','Pizza',4);

INSERT INTO RespuestaPosible
(Valor,Descripcion,IdPregunta)
VALUES('65','Pastel de papas',4);
*/

/*
INSERT INTO Pregunta
(Pregun,IdEncuesta)
VALUES('¿Cual es su Club favorito?',2);

INSERT INTO RespuestaPosible
(Valor,Descripcion,IdPregunta)
VALUES('15','Belgrano',5);

INSERT INTO RespuestaPosible
(Valor,Descripcion,IdPregunta)
VALUES('45','Talleres',5);

INSERT INTO RespuestaPosible
(Valor,Descripcion,IdPregunta)
VALUES('80','Boca',5);
*/

/*
INSERT INTO Pregunta
(Pregun,IdEncuesta)
VALUES('Por SI o por NO ¿le gusta el fernet?',2);

INSERT INTO RespuestaPosible
(Valor,Descripcion,IdPregunta)
VALUES('15','SI',6);

INSERT INTO RespuestaPosible
(Valor,Descripcion,IdPregunta)
VALUES('45','NO',6);

*/



/*
INSERT INTO Pregunta
(Pregun,IdEncuesta)
VALUES('¿Cuantas materias aprobo en el año?',3);

INSERT INTO RespuestaPosible
(Valor,Descripcion,IdPregunta)
VALUES('40','Menos o igual que 3',7);

INSERT INTO RespuestaPosible
(Valor,Descripcion,IdPregunta)
VALUES('45','Mas de 3',7);

*/

/*
INSERT INTO Pregunta
(Pregun,IdEncuesta)
VALUES('¿Que ingenieria estudia?',2);

INSERT INTO RespuestaPosible
(Valor,Descripcion,IdPregunta)
VALUES('15','Sistemas',8);

INSERT INTO RespuestaPosible
(Valor,Descripcion,IdPregunta)
VALUES('45','Industrial',8);
*/

/*
INSERT INTO Pregunta
(Pregun,IdEncuesta)
VALUES('¿Su edad es?',3);

INSERT INTO RespuestaPosible
(Valor,Descripcion,IdPregunta)
VALUES('40','Menor o igual a 22',9);

INSERT INTO RespuestaPosible
(Valor,Descripcion,IdPregunta)
VALUES('45','Mayor que 22',9);
*/

/*
INSERT INTO Pregunta
(Pregun,IdEncuesta)
VALUES('¿Que estacion le gusta mas?',3);

INSERT INTO RespuestaPosible
(Valor,Descripcion,IdPregunta)
VALUES('10','Invierno',10);

INSERT INTO RespuestaPosible
(Valor,Descripcion,IdPregunta)
VALUES('60','Verano',10);
*/
*/
/*
-- Ejemplo 1
INSERT INTO Llamada (DescripcionOperador, DetalleEncuesta, Duracion, EncuestaEnviada, DniCliente)
VALUES ('Desc. Operador1', 'Detalle 1', 120, 1, '44399816');

-- Ejemplo 2
INSERT INTO Llamada (DescripcionOperador, DetalleEncuesta, Duracion, EncuestaEnviada, DniCliente)
VALUES ('Desc. Operador2', 'Detalle 2', 90, 0, '44399812');

-- Ejemplo 3
INSERT INTO Llamada (DescripcionOperador, DetalleEncuesta, Duracion, EncuestaEnviada, DniCliente)
VALUES ('Desc. Operador3', 'Detalle 3', 150, 1, '44332323');

-- Ejemplo 4
INSERT INTO Llamada (DescripcionOperador, DetalleEncuesta, Duracion, EncuestaEnviada, DniCliente)
VALUES ('Desc. Operador4', 'Detalle 4', 180, 1, '44321212');

-- Ejemplo 5
INSERT INTO Llamada (DescripcionOperador, DetalleEncuesta, Duracion, EncuestaEnviada, DniCliente)
VALUES ('Desc. Operador5', 'Detalle 5', 200, 0, '44342424');

-- Ejemplo 6
INSERT INTO Llamada (DescripcionOperador, DetalleEncuesta, Duracion, EncuestaEnviada, DniCliente)
VALUES ('Desc. Operador6', 'Detalle 6', 120, 1, '44332232');
*/
/*
INSERT INTO RespuestaCliente
(FechaEncuesta,IdRespuestaPosible,IdLlamada)
VALUES('2023-05-20',1,1);

INSERT INTO RespuestaCliente
(FechaEncuesta,IdRespuestaPosible,IdLlamada)
VALUES('2023-05-20',10,1);

INSERT INTO RespuestaCliente
(FechaEncuesta,IdRespuestaPosible,IdLlamada)
VALUES('2023-05-20',5,1);
*/


/*
INSERT INTO RespuestaCliente
(FechaEncuesta,IdRespuestaPosible,IdLlamada)
VALUES('2023-05-15',4,2);

INSERT INTO RespuestaCliente
(FechaEncuesta,IdRespuestaPosible,IdLlamada)
VALUES('2023-05-15',25,2);

INSERT INTO RespuestaCliente
(FechaEncuesta,IdRespuestaPosible,IdLlamada)
VALUES('2023-05-15',29,2);
*/

/*
INSERT INTO RespuestaCliente
(FechaEncuesta,IdRespuestaPosible,IdLlamada)
VALUES('2023-05-12',31,3);

INSERT INTO RespuestaCliente
(FechaEncuesta,IdRespuestaPosible,IdLlamada)
VALUES('2023-05-12',13,3);

INSERT INTO RespuestaCliente
(FechaEncuesta,IdRespuestaPosible,IdLlamada)
VALUES('2023-05-12',4,3);
*/

/*
INSERT INTO RespuestaCliente
(FechaEncuesta,IdRespuestaPosible,IdLlamada)
VALUES('2023-05-08',27,4);

INSERT INTO RespuestaCliente
(FechaEncuesta,IdRespuestaPosible,IdLlamada)
VALUES('2023-05-08',32,4);

INSERT INTO RespuestaCliente
(FechaEncuesta,IdRespuestaPosible,IdLlamada)
VALUES('2023-05-08',11,4);
*/
/*
INSERT INTO RespuestaCliente
(FechaEncuesta,IdRespuestaPosible,IdLlamada)
VALUES('2023-05-21',2,5);

INSERT INTO RespuestaCliente
(FechaEncuesta,IdRespuestaPosible,IdLlamada)
VALUES('2023-05-21',28,5);

INSERT INTO RespuestaCliente
(FechaEncuesta,IdRespuestaPosible,IdLlamada)
VALUES('2023-05-21',19,5);
*/
/*
INSERT INTO RespuestaCliente
(FechaEncuesta,IdRespuestaPosible,IdLlamada)
VALUES('2023-08-21',2,6);

INSERT INTO RespuestaCliente
(FechaEncuesta,IdRespuestaPosible,IdLlamada)
VALUES('2023-08-21',6,6);

INSERT INTO RespuestaCliente
(FechaEncuesta,IdRespuestaPosible,IdLlamada)
VALUES('2023-08-21',15,6);
*/


-- INSERTAR DATOS DE LA RESPUESTA CLIENTE




